Priscila,Toto,staffelb@yahoo.ca
Ann,Bartolo,boein@msn.com
Lois,Tighe,miyop@comcast.net
Katheryn,Mcdonnell,pkplex@comcast.net
Jules,Falconer,ninenine@hotmail.com
Nicole,Turlington,janneh@gmail.com
Aileen,Bowling,murty@optonline.net
Bruno,Clover,lamky@att.net
Camilla,Veloz,gommix@msn.com
Anastasia,Stamps,ozawa@icloud.com
Beau,Hora,dhwon@att.net
In,Buttner,drolsky@outlook.com
Kassandra,Deere,north@outlook.com
Abraham,Tookes,smallpaul@msn.com
Alyson,Beckler,esbeck@yahoo.ca
Deirdre,Drucker,parksh@me.com
Major,Basquez,shawnce@gmail.com
Mora,Mynatt,retoh@yahoo.com
Venita,Bumgardner,steveli@yahoo.com
Terri,Hardee,ivoibs@icloud.com
Reid,Aho,sakusha@icloud.com
Halina,Bonenfant,chronos@att.net
Asha,Schnur,fangorn@mac.com
Glynda,Tiffany,guialbu@me.com
Ross,Twedt,jonathan@mac.com
Noma,Vanduzer,formis@verizon.net
Juanita,Holts,geeber@comcast.net
Shin,Russo,subir@sbcglobal.net
Debora,Engelbrec,rgarcia@yahoo.ca
Etta,Wycoff,martink@me.com
Priscila,Toto,staffelb@yahoo.ca
Ann,Bartolo,boein@msn.com
Lois,Tighe,miyop@comcast.net
Katheryn,Mcdonnell,pkplex@comcast.net
Jules,Falconer,ninenine@hotmail.com
Nicole,Turlington,janneh@gmail.com
Aileen,Bowling,murty@optonline.net
Bruno,Clover,lamky@att.net
Camilla,Veloz,gommix@msn.com
Anastasia,Stamps,ozawa@icloud.com
Beau,Hora,dhwon@att.net
In,Buttner,drolsky@outlook.com
Kassandra,Deere,north@outlook.com
Abraham,Tookes,smallpaul@msn.com
Alyson,Beckler,esbeck@yahoo.ca
Deirdre,Drucker,parksh@me.com
Major,Basquez,shawnce@gmail.com
Mora,Mynatt,retoh@yahoo.com
Venita,Bumgardner,steveli@yahoo.com
Terri,Hardee,ivoibs@icloud.com
Reid,Aho,sakusha@icloud.com
Halina,Bonenfant,chronos@att.net
Asha,Schnur,fangorn@mac.com
Glynda,Tiffany,guialbu@me.com
Ross,Twedt,jonathan@mac.com
Noma,Vanduzer,formis@verizon.net
Juanita,Holts,geeber@comcast.net
Shin,Russo,subir@sbcglobal.net
Debora,Engelbrec,rgarcia@yahoo.ca
Etta,Wycoff,martink@me.com
Priscila,Toto,staffelb@yahoo.ca
Ann,Bartolo,boein@msn.com
Lois,Tighe,miyop@comcast.net
Katheryn,Mcdonnell,pkplex@comcast.net
Jules,Falconer,ninenine@hotmail.com
Nicole,Turlington,janneh@gmail.com
Aileen,Bowling,murty@optonline.net
Bruno,Clover,lamky@att.net
Camilla,Veloz,gommix@msn.com
Anastasia,Stamps,ozawa@icloud.com
Beau,Hora,dhwon@att.net
In,Buttner,drolsky@outlook.com
Kassandra,Deere,north@outlook.com
Abraham,Tookes,smallpaul@msn.com
Alyson,Beckler,esbeck@yahoo.ca
Deirdre,Drucker,parksh@me.com
Major,Basquez,shawnce@gmail.com
Mora,Mynatt,retoh@yahoo.com
Venita,Bumgardner,steveli@yahoo.com
Terri,Hardee,ivoibs@icloud.com
Reid,Aho,sakusha@icloud.com
Halina,Bonenfant,chronos@att.net
Asha,Schnur,fangorn@mac.com
Glynda,Tiffany,guialbu@me.com
Ross,Twedt,jonathan@mac.com
Noma,Vanduzer,formis@verizon.net
Juanita,Holts,geeber@comcast.net
Shin,Russo,subir@sbcglobal.net
Debora,Engelbrec,rgarcia@yahoo.ca
Etta,Wycoff,martink@me.com
Priscila,Toto,staffelb@yahoo.ca
Ann,Bartolo,boein@msn.com
Lois,Tighe,miyop@comcast.net
Katheryn,Mcdonnell,pkplex@comcast.net
Jules,Falconer,ninenine@hotmail.com
Nicole,Turlington,janneh@gmail.com
Aileen,Bowling,murty@optonline.net
Bruno,Clover,lamky@att.net
Camilla,Veloz,gommix@msn.com
Anastasia,Stamps,ozawa@icloud.com
Beau,Hora,dhwon@att.net
In,Buttner,drolsky@outlook.com
Kassandra,Deere,north@outlook.com
Abraham,Tookes,smallpaul@msn.com
Alyson,Beckler,esbeck@yahoo.ca
Deirdre,Drucker,parksh@me.com
Major,Basquez,shawnce@gmail.com
Mora,Mynatt,retoh@yahoo.com
Venita,Bumgardner,steveli@yahoo.com
Terri,Hardee,ivoibs@icloud.com
Reid,Aho,sakusha@icloud.com
Halina,Bonenfant,chronos@att.net
Asha,Schnur,fangorn@mac.com
Glynda,Tiffany,guialbu@me.com
Ross,Twedt,jonathan@mac.com
Noma,Vanduzer,formis@verizon.net
Juanita,Holts,geeber@comcast.net
Shin,Russo,subir@sbcglobal.net
Debora,Engelbrec,rgarcia@yahoo.ca
Etta,Wycoff,martink@me.com
Priscila,Toto,staffelb@yahoo.ca
Ann,Bartolo,boein@msn.com
Lois,Tighe,miyop@comcast.net
Katheryn,Mcdonnell,pkplex@comcast.net
Jules,Falconer,ninenine@hotmail.com
Nicole,Turlington,janneh@gmail.com
Aileen,Bowling,murty@optonline.net
Bruno,Clover,lamky@att.net
Camilla,Veloz,gommix@msn.com
Anastasia,Stamps,ozawa@icloud.com
Beau,Hora,dhwon@att.net
In,Buttner,drolsky@outlook.com
Kassandra,Deere,north@outlook.com
Abraham,Tookes,smallpaul@msn.com
Alyson,Beckler,esbeck@yahoo.ca
Deirdre,Drucker,parksh@me.com
Major,Basquez,shawnce@gmail.com
Mora,Mynatt,retoh@yahoo.com
Venita,Bumgardner,steveli@yahoo.com
Terri,Hardee,ivoibs@icloud.com
Reid,Aho,sakusha@icloud.com
Halina,Bonenfant,chronos@att.net
Asha,Schnur,fangorn@mac.com
Glynda,Tiffany,guialbu@me.com
Ross,Twedt,jonathan@mac.com
Noma,Vanduzer,formis@verizon.net
Juanita,Holts,geeber@comcast.net
Shin,Russo,subir@sbcglobal.net
Debora,Engelbrec,rgarcia@yahoo.ca
Etta,Wycoff,martink@me.com
Priscila,Toto,staffelb@yahoo.ca
Ann,Bartolo,boein@msn.com
Lois,Tighe,miyop@comcast.net
Katheryn,Mcdonnell,pkplex@comcast.net
Jules,Falconer,ninenine@hotmail.com
Nicole,Turlington,janneh@gmail.com
Aileen,Bowling,murty@optonline.net
Bruno,Clover,lamky@att.net
Camilla,Veloz,gommix@msn.com
Anastasia,Stamps,ozawa@icloud.com
Beau,Hora,dhwon@att.net
In,Buttner,drolsky@outlook.com
Kassandra,Deere,north@outlook.com
Abraham,Tookes,smallpaul@msn.com
Alyson,Beckler,esbeck@yahoo.ca
Deirdre,Drucker,parksh@me.com
Major,Basquez,shawnce@gmail.com
Mora,Mynatt,retoh@yahoo.com
Venita,Bumgardner,steveli@yahoo.com
Terri,Hardee,ivoibs@icloud.com
Reid,Aho,sakusha@icloud.com
Halina,Bonenfant,chronos@att.net
Asha,Schnur,fangorn@mac.com
Glynda,Tiffany,guialbu@me.com
Ross,Twedt,jonathan@mac.com
Noma,Vanduzer,formis@verizon.net
Juanita,Holts,geeber@comcast.net
Shin,Russo,subir@sbcglobal.net
Debora,Engelbrec,rgarcia@yahoo.ca
Etta,Wycoff,martink@me.com
Priscila,Toto,staffelb@yahoo.ca
Ann,Bartolo,boein@msn.com
Lois,Tighe,miyop@comcast.net
Katheryn,Mcdonnell,pkplex@comcast.net
Jules,Falconer,ninenine@hotmail.com
Nicole,Turlington,janneh@gmail.com
Aileen,Bowling,murty@optonline.net
Bruno,Clover,lamky@att.net
Camilla,Veloz,gommix@msn.com
Anastasia,Stamps,ozawa@icloud.com
Beau,Hora,dhwon@att.net
In,Buttner,drolsky@outlook.com
Kassandra,Deere,north@outlook.com
Abraham,Tookes,smallpaul@msn.com
Alyson,Beckler,esbeck@yahoo.ca
Deirdre,Drucker,parksh@me.com
Major,Basquez,shawnce@gmail.com
Mora,Mynatt,retoh@yahoo.com
Venita,Bumgardner,steveli@yahoo.com
Terri,Hardee,ivoibs@icloud.com
Reid,Aho,sakusha@icloud.com
Halina,Bonenfant,chronos@att.net
Asha,Schnur,fangorn@mac.com
Glynda,Tiffany,guialbu@me.com
Ross,Twedt,jonathan@mac.com
Noma,Vanduzer,formis@verizon.net
Juanita,Holts,geeber@comcast.net
Shin,Russo,subir@sbcglobal.net
Debora,Engelbrec,rgarcia@yahoo.ca
Etta,Wycoff,martink@me.com
Priscila,Toto,staffelb@yahoo.ca
Ann,Bartolo,boein@msn.com
Lois,Tighe,miyop@comcast.net
Katheryn,Mcdonnell,pkplex@comcast.net
Jules,Falconer,ninenine@hotmail.com
Nicole,Turlington,janneh@gmail.com
Aileen,Bowling,murty@optonline.net
Bruno,Clover,lamky@att.net
Camilla,Veloz,gommix@msn.com
Anastasia,Stamps,ozawa@icloud.com
Beau,Hora,dhwon@att.net
In,Buttner,drolsky@outlook.com
Kassandra,Deere,north@outlook.com
Abraham,Tookes,smallpaul@msn.com
Alyson,Beckler,esbeck@yahoo.ca
Deirdre,Drucker,parksh@me.com
Major,Basquez,shawnce@gmail.com
Mora,Mynatt,retoh@yahoo.com
Venita,Bumgardner,steveli@yahoo.com
Terri,Hardee,ivoibs@icloud.com
Reid,Aho,sakusha@icloud.com
Halina,Bonenfant,chronos@att.net
Asha,Schnur,fangorn@mac.com
Glynda,Tiffany,guialbu@me.com
Ross,Twedt,jonathan@mac.com
Noma,Vanduzer,formis@verizon.net
Juanita,Holts,geeber@comcast.net
Shin,Russo,subir@sbcglobal.net
Debora,Engelbrec,rgarcia@yahoo.ca
Etta,Wycoff,martink@me.com
Priscila,Toto,staffelb@yahoo.ca
Ann,Bartolo,boein@msn.com
Lois,Tighe,miyop@comcast.net
Katheryn,Mcdonnell,pkplex@comcast.net
Jules,Falconer,ninenine@hotmail.com
Nicole,Turlington,janneh@gmail.com
Aileen,Bowling,murty@optonline.net
Bruno,Clover,lamky@att.net
Camilla,Veloz,gommix@msn.com
Anastasia,Stamps,ozawa@icloud.com
Beau,Hora,dhwon@att.net
In,Buttner,drolsky@outlook.com
Kassandra,Deere,north@outlook.com
Abraham,Tookes,smallpaul@msn.com
Alyson,Beckler,esbeck@yahoo.ca
Deirdre,Drucker,parksh@me.com
Major,Basquez,shawnce@gmail.com
Mora,Mynatt,retoh@yahoo.com
Venita,Bumgardner,steveli@yahoo.com
Terri,Hardee,ivoibs@icloud.com
Reid,Aho,sakusha@icloud.com
Halina,Bonenfant,chronos@att.net
Asha,Schnur,fangorn@mac.com
Glynda,Tiffany,guialbu@me.com
Ross,Twedt,jonathan@mac.com
Noma,Vanduzer,formis@verizon.net
Juanita,Holts,geeber@comcast.net
Shin,Russo,subir@sbcglobal.net
Debora,Engelbrec,rgarcia@yahoo.ca
Etta,Wycoff,martink@me.com
Priscila,Toto,staffelb@yahoo.ca
Ann,Bartolo,boein@msn.com
Lois,Tighe,miyop@comcast.net
Katheryn,Mcdonnell,pkplex@comcast.net
Jules,Falconer,ninenine@hotmail.com
Nicole,Turlington,janneh@gmail.com
Aileen,Bowling,murty@optonline.net
Bruno,Clover,lamky@att.net
Camilla,Veloz,gommix@msn.com
Anastasia,Stamps,ozawa@icloud.com
Beau,Hora,dhwon@att.net
In,Buttner,drolsky@outlook.com
Kassandra,Deere,north@outlook.com
Abraham,Tookes,smallpaul@msn.com
Alyson,Beckler,esbeck@yahoo.ca
Deirdre,Drucker,parksh@me.com
Major,Basquez,shawnce@gmail.com
Mora,Mynatt,retoh@yahoo.com
Venita,Bumgardner,steveli@yahoo.com
Terri,Hardee,ivoibs@icloud.com
Reid,Aho,sakusha@icloud.com
Halina,Bonenfant,chronos@att.net
Asha,Schnur,fangorn@mac.com
Glynda,Tiffany,guialbu@me.com
Ross,Twedt,jonathan@mac.com
Noma,Vanduzer,formis@verizon.net
Juanita,Holts,geeber@comcast.net
Shin,Russo,subir@sbcglobal.net
Debora,Engelbrec,rgarcia@yahoo.ca
Etta,Wycoff,martink@me.com
Priscila,Toto,staffelb@yahoo.ca
Ann,Bartolo,boein@msn.com
Lois,Tighe,miyop@comcast.net
Katheryn,Mcdonnell,pkplex@comcast.net
Jules,Falconer,ninenine@hotmail.com
Nicole,Turlington,janneh@gmail.com
Aileen,Bowling,murty@optonline.net
Bruno,Clover,lamky@att.net
Camilla,Veloz,gommix@msn.com
Anastasia,Stamps,ozawa@icloud.com
Beau,Hora,dhwon@att.net
In,Buttner,drolsky@outlook.com
Kassandra,Deere,north@outlook.com
Abraham,Tookes,smallpaul@msn.com
Alyson,Beckler,esbeck@yahoo.ca
Deirdre,Drucker,parksh@me.com
Major,Basquez,shawnce@gmail.com
Mora,Mynatt,retoh@yahoo.com
Venita,Bumgardner,steveli@yahoo.com
Terri,Hardee,ivoibs@icloud.com
Reid,Aho,sakusha@icloud.com
Halina,Bonenfant,chronos@att.net
Asha,Schnur,fangorn@mac.com
Glynda,Tiffany,guialbu@me.com
Ross,Twedt,jonathan@mac.com
Noma,Vanduzer,formis@verizon.net
Juanita,Holts,geeber@comcast.net
Shin,Russo,subir@sbcglobal.net
Debora,Engelbrec,rgarcia@yahoo.ca
Etta,Wycoff,martink@me.com
Priscila,Toto,staffelb@yahoo.ca
Ann,Bartolo,boein@msn.com
Lois,Tighe,miyop@comcast.net
Katheryn,Mcdonnell,pkplex@comcast.net
Jules,Falconer,ninenine@hotmail.com
Nicole,Turlington,janneh@gmail.com
Aileen,Bowling,murty@optonline.net
Bruno,Clover,lamky@att.net
Camilla,Veloz,gommix@msn.com
Anastasia,Stamps,ozawa@icloud.com
Beau,Hora,dhwon@att.net
In,Buttner,drolsky@outlook.com
Kassandra,Deere,north@outlook.com
Abraham,Tookes,smallpaul@msn.com
Alyson,Beckler,esbeck@yahoo.ca
Deirdre,Drucker,parksh@me.com
Major,Basquez,shawnce@gmail.com
Mora,Mynatt,retoh@yahoo.com
Venita,Bumgardner,steveli@yahoo.com
Terri,Hardee,ivoibs@icloud.com
Reid,Aho,sakusha@icloud.com
Halina,Bonenfant,chronos@att.net
Asha,Schnur,fangorn@mac.com
Glynda,Tiffany,guialbu@me.com
Ross,Twedt,jonathan@mac.com
Noma,Vanduzer,formis@verizon.net
Juanita,Holts,geeber@comcast.net
Shin,Russo,subir@sbcglobal.net
Debora,Engelbrec,rgarcia@yahoo.ca
Etta,Wycoff,martink@me.com
Priscila,Toto,staffelb@yahoo.ca
Ann,Bartolo,boein@msn.com
Lois,Tighe,miyop@comcast.net
Katheryn,Mcdonnell,pkplex@comcast.net
Jules,Falconer,ninenine@hotmail.com
Nicole,Turlington,janneh@gmail.com
Aileen,Bowling,murty@optonline.net
Bruno,Clover,lamky@att.net
Camilla,Veloz,gommix@msn.com
Anastasia,Stamps,ozawa@icloud.com
Beau,Hora,dhwon@att.net
In,Buttner,drolsky@outlook.com
Kassandra,Deere,north@outlook.com
Abraham,Tookes,smallpaul@msn.com
Alyson,Beckler,esbeck@yahoo.ca
Deirdre,Drucker,parksh@me.com
Major,Basquez,shawnce@gmail.com
Mora,Mynatt,retoh@yahoo.com
Venita,Bumgardner,steveli@yahoo.com
Terri,Hardee,ivoibs@icloud.com
Reid,Aho,sakusha@icloud.com
Halina,Bonenfant,chronos@att.net
Asha,Schnur,fangorn@mac.com
Glynda,Tiffany,guialbu@me.com
Ross,Twedt,jonathan@mac.com
Noma,Vanduzer,formis@verizon.net
Juanita,Holts,geeber@comcast.net
Shin,Russo,subir@sbcglobal.net
Debora,Engelbrec,rgarcia@yahoo.ca
Etta,Wycoff,martink@me.com
Priscila,Toto,staffelb@yahoo.ca
Ann,Bartolo,boein@msn.com
Lois,Tighe,miyop@comcast.net
Katheryn,Mcdonnell,pkplex@comcast.net
Jules,Falconer,ninenine@hotmail.com
Nicole,Turlington,janneh@gmail.com
Aileen,Bowling,murty@optonline.net
Bruno,Clover,lamky@att.net
Camilla,Veloz,gommix@msn.com
Anastasia,Stamps,ozawa@icloud.com
Beau,Hora,dhwon@att.net
In,Buttner,drolsky@outlook.com
Kassandra,Deere,north@outlook.com
Abraham,Tookes,smallpaul@msn.com
Alyson,Beckler,esbeck@yahoo.ca
Deirdre,Drucker,parksh@me.com
Major,Basquez,shawnce@gmail.com
Mora,Mynatt,retoh@yahoo.com
Venita,Bumgardner,steveli@yahoo.com
Terri,Hardee,ivoibs@icloud.com
Reid,Aho,sakusha@icloud.com
Halina,Bonenfant,chronos@att.net
Asha,Schnur,fangorn@mac.com
Glynda,Tiffany,guialbu@me.com
Ross,Twedt,jonathan@mac.com
Noma,Vanduzer,formis@verizon.net
Juanita,Holts,geeber@comcast.net
Shin,Russo,subir@sbcglobal.net
Debora,Engelbrec,rgarcia@yahoo.ca
Etta,Wycoff,martink@me.com
Priscila,Toto,staffelb@yahoo.ca
Ann,Bartolo,boein@msn.com
Lois,Tighe,miyop@comcast.net
Katheryn,Mcdonnell,pkplex@comcast.net
Jules,Falconer,ninenine@hotmail.com
Nicole,Turlington,janneh@gmail.com
Aileen,Bowling,murty@optonline.net
Bruno,Clover,lamky@att.net
Camilla,Veloz,gommix@msn.com
Anastasia,Stamps,ozawa@icloud.com
Beau,Hora,dhwon@att.net
In,Buttner,drolsky@outlook.com
Kassandra,Deere,north@outlook.com
Abraham,Tookes,smallpaul@msn.com
Alyson,Beckler,esbeck@yahoo.ca
Deirdre,Drucker,parksh@me.com
Major,Basquez,shawnce@gmail.com
Mora,Mynatt,retoh@yahoo.com
Venita,Bumgardner,steveli@yahoo.com
Terri,Hardee,ivoibs@icloud.com
Reid,Aho,sakusha@icloud.com
Halina,Bonenfant,chronos@att.net
Asha,Schnur,fangorn@mac.com
Glynda,Tiffany,guialbu@me.com
Ross,Twedt,jonathan@mac.com
Noma,Vanduzer,formis@verizon.net
Juanita,Holts,geeber@comcast.net
Shin,Russo,subir@sbcglobal.net
Debora,Engelbrec,rgarcia@yahoo.ca
Etta,Wycoff,martink@me.com
Priscila,Toto,staffelb@yahoo.ca
Ann,Bartolo,boein@msn.com
Lois,Tighe,miyop@comcast.net
Katheryn,Mcdonnell,pkplex@comcast.net
Jules,Falconer,ninenine@hotmail.com
Nicole,Turlington,janneh@gmail.com
Aileen,Bowling,murty@optonline.net
Bruno,Clover,lamky@att.net
Camilla,Veloz,gommix@msn.com
Anastasia,Stamps,ozawa@icloud.com
Beau,Hora,dhwon@att.net
In,Buttner,drolsky@outlook.com
Kassandra,Deere,north@outlook.com
Abraham,Tookes,smallpaul@msn.com
Alyson,Beckler,esbeck@yahoo.ca
Deirdre,Drucker,parksh@me.com
Major,Basquez,shawnce@gmail.com
Mora,Mynatt,retoh@yahoo.com
Venita,Bumgardner,steveli@yahoo.com
Terri,Hardee,ivoibs@icloud.com
Reid,Aho,sakusha@icloud.com
Halina,Bonenfant,chronos@att.net
Asha,Schnur,fangorn@mac.com
Glynda,Tiffany,guialbu@me.com
Ross,Twedt,jonathan@mac.com
Noma,Vanduzer,formis@verizon.net
Juanita,Holts,geeber@comcast.net
Shin,Russo,subir@sbcglobal.net
Debora,Engelbrec,rgarcia@yahoo.ca
Etta,Wycoff,martink@me.com
Priscila,Toto,staffelb@yahoo.ca
Ann,Bartolo,boein@msn.com
Lois,Tighe,miyop@comcast.net
Katheryn,Mcdonnell,pkplex@comcast.net
Jules,Falconer,ninenine@hotmail.com
Nicole,Turlington,janneh@gmail.com
Aileen,Bowling,murty@optonline.net
Bruno,Clover,lamky@att.net
Camilla,Veloz,gommix@msn.com
Anastasia,Stamps,ozawa@icloud.com
Beau,Hora,dhwon@att.net
In,Buttner,drolsky@outlook.com
Kassandra,Deere,north@outlook.com
Abraham,Tookes,smallpaul@msn.com
Alyson,Beckler,esbeck@yahoo.ca
Deirdre,Drucker,parksh@me.com
Major,Basquez,shawnce@gmail.com
Mora,Mynatt,retoh@yahoo.com
Venita,Bumgardner,steveli@yahoo.com
Terri,Hardee,ivoibs@icloud.com
Reid,Aho,sakusha@icloud.com
Halina,Bonenfant,chronos@att.net
Asha,Schnur,fangorn@mac.com
Glynda,Tiffany,guialbu@me.com
Ross,Twedt,jonathan@mac.com
Noma,Vanduzer,formis@verizon.net
Juanita,Holts,geeber@comcast.net
Shin,Russo,subir@sbcglobal.net
Debora,Engelbrec,rgarcia@yahoo.ca
Etta,Wycoff,martink@me.com
Priscila,Toto,staffelb@yahoo.ca
Ann,Bartolo,boein@msn.com
Lois,Tighe,miyop@comcast.net
Katheryn,Mcdonnell,pkplex@comcast.net
Jules,Falconer,ninenine@hotmail.com
Nicole,Turlington,janneh@gmail.com
Aileen,Bowling,murty@optonline.net
Bruno,Clover,lamky@att.net
Camilla,Veloz,gommix@msn.com
Anastasia,Stamps,ozawa@icloud.com
Beau,Hora,dhwon@att.net
In,Buttner,drolsky@outlook.com
Kassandra,Deere,north@outlook.com
Abraham,Tookes,smallpaul@msn.com
Alyson,Beckler,esbeck@yahoo.ca
Deirdre,Drucker,parksh@me.com
Major,Basquez,shawnce@gmail.com
Mora,Mynatt,retoh@yahoo.com
Venita,Bumgardner,steveli@yahoo.com
Terri,Hardee,ivoibs@icloud.com
Reid,Aho,sakusha@icloud.com
Halina,Bonenfant,chronos@att.net
Asha,Schnur,fangorn@mac.com
Glynda,Tiffany,guialbu@me.com
Ross,Twedt,jonathan@mac.com
Noma,Vanduzer,formis@verizon.net
Juanita,Holts,geeber@comcast.net
Shin,Russo,subir@sbcglobal.net
Debora,Engelbrec,rgarcia@yahoo.ca
Etta,Wycoff,martink@me.com
Priscila,Toto,staffelb@yahoo.ca
Ann,Bartolo,boein@msn.com
Lois,Tighe,miyop@comcast.net
Katheryn,Mcdonnell,pkplex@comcast.net
Jules,Falconer,ninenine@hotmail.com
Nicole,Turlington,janneh@gmail.com
Aileen,Bowling,murty@optonline.net
Bruno,Clover,lamky@att.net
Camilla,Veloz,gommix@msn.com
Anastasia,Stamps,ozawa@icloud.com
Beau,Hora,dhwon@att.net
In,Buttner,drolsky@outlook.com
Kassandra,Deere,north@outlook.com
Abraham,Tookes,smallpaul@msn.com
Alyson,Beckler,esbeck@yahoo.ca
Deirdre,Drucker,parksh@me.com
Major,Basquez,shawnce@gmail.com
Mora,Mynatt,retoh@yahoo.com
Venita,Bumgardner,steveli@yahoo.com
Terri,Hardee,ivoibs@icloud.com
Reid,Aho,sakusha@icloud.com
Halina,Bonenfant,chronos@att.net
Asha,Schnur,fangorn@mac.com
Glynda,Tiffany,guialbu@me.com
Ross,Twedt,jonathan@mac.com
Noma,Vanduzer,formis@verizon.net
Juanita,Holts,geeber@comcast.net
Shin,Russo,subir@sbcglobal.net
Debora,Engelbrec,rgarcia@yahoo.ca
Etta,Wycoff,martink@me.com
Priscila,Toto,staffelb@yahoo.ca
Ann,Bartolo,boein@msn.com
Lois,Tighe,miyop@comcast.net
Katheryn,Mcdonnell,pkplex@comcast.net
Jules,Falconer,ninenine@hotmail.com
Nicole,Turlington,janneh@gmail.com
Aileen,Bowling,murty@optonline.net
Bruno,Clover,lamky@att.net
Camilla,Veloz,gommix@msn.com
Anastasia,Stamps,ozawa@icloud.com
Beau,Hora,dhwon@att.net
In,Buttner,drolsky@outlook.com
Kassandra,Deere,north@outlook.com
Abraham,Tookes,smallpaul@msn.com
Alyson,Beckler,esbeck@yahoo.ca
Deirdre,Drucker,parksh@me.com
Major,Basquez,shawnce@gmail.com
Mora,Mynatt,retoh@yahoo.com
Venita,Bumgardner,steveli@yahoo.com
Terri,Hardee,ivoibs@icloud.com
Reid,Aho,sakusha@icloud.com
Halina,Bonenfant,chronos@att.net
Asha,Schnur,fangorn@mac.com
Glynda,Tiffany,guialbu@me.com
Ross,Twedt,jonathan@mac.com
Noma,Vanduzer,formis@verizon.net
Juanita,Holts,geeber@comcast.net
Shin,Russo,subir@sbcglobal.net
Debora,Engelbrec,rgarcia@yahoo.ca
Etta,Wycoff,martink@me.com
Priscila,Toto,staffelb@yahoo.ca
Ann,Bartolo,boein@msn.com
Lois,Tighe,miyop@comcast.net
Katheryn,Mcdonnell,pkplex@comcast.net
Jules,Falconer,ninenine@hotmail.com
Nicole,Turlington,janneh@gmail.com
Aileen,Bowling,murty@optonline.net
Bruno,Clover,lamky@att.net
Camilla,Veloz,gommix@msn.com
Anastasia,Stamps,ozawa@icloud.com
Beau,Hora,dhwon@att.net
In,Buttner,drolsky@outlook.com
Kassandra,Deere,north@outlook.com
Abraham,Tookes,smallpaul@msn.com
Alyson,Beckler,esbeck@yahoo.ca
Deirdre,Drucker,parksh@me.com
Major,Basquez,shawnce@gmail.com
Mora,Mynatt,retoh@yahoo.com
Venita,Bumgardner,steveli@yahoo.com
Terri,Hardee,ivoibs@icloud.com
Reid,Aho,sakusha@icloud.com
Halina,Bonenfant,chronos@att.net
Asha,Schnur,fangorn@mac.com
Glynda,Tiffany,guialbu@me.com
Ross,Twedt,jonathan@mac.com
Noma,Vanduzer,formis@verizon.net
Juanita,Holts,geeber@comcast.net
Shin,Russo,subir@sbcglobal.net
Debora,Engelbrec,rgarcia@yahoo.ca
Etta,Wycoff,martink@me.com
Priscila,Toto,staffelb@yahoo.ca
Ann,Bartolo,boein@msn.com
Lois,Tighe,miyop@comcast.net
Katheryn,Mcdonnell,pkplex@comcast.net
Jules,Falconer,ninenine@hotmail.com
Nicole,Turlington,janneh@gmail.com
Aileen,Bowling,murty@optonline.net
Bruno,Clover,lamky@att.net
Camilla,Veloz,gommix@msn.com
Anastasia,Stamps,ozawa@icloud.com
Beau,Hora,dhwon@att.net
In,Buttner,drolsky@outlook.com
Kassandra,Deere,north@outlook.com
Abraham,Tookes,smallpaul@msn.com
Alyson,Beckler,esbeck@yahoo.ca
Deirdre,Drucker,parksh@me.com
Major,Basquez,shawnce@gmail.com
Mora,Mynatt,retoh@yahoo.com
Venita,Bumgardner,steveli@yahoo.com
Terri,Hardee,ivoibs@icloud.com
Reid,Aho,sakusha@icloud.com
Halina,Bonenfant,chronos@att.net
Asha,Schnur,fangorn@mac.com
Glynda,Tiffany,guialbu@me.com
Ross,Twedt,jonathan@mac.com
Noma,Vanduzer,formis@verizon.net
Juanita,Holts,geeber@comcast.net
Shin,Russo,subir@sbcglobal.net
Debora,Engelbrec,rgarcia@yahoo.ca
Etta,Wycoff,martink@me.com
Priscila,Toto,staffelb@yahoo.ca
Ann,Bartolo,boein@msn.com
Lois,Tighe,miyop@comcast.net
Katheryn,Mcdonnell,pkplex@comcast.net
Jules,Falconer,ninenine@hotmail.com
Nicole,Turlington,janneh@gmail.com
Aileen,Bowling,murty@optonline.net
Bruno,Clover,lamky@att.net
Camilla,Veloz,gommix@msn.com
Anastasia,Stamps,ozawa@icloud.com
Beau,Hora,dhwon@att.net
In,Buttner,drolsky@outlook.com
Kassandra,Deere,north@outlook.com
Abraham,Tookes,smallpaul@msn.com
Alyson,Beckler,esbeck@yahoo.ca
Deirdre,Drucker,parksh@me.com
Major,Basquez,shawnce@gmail.com
Mora,Mynatt,retoh@yahoo.com
Venita,Bumgardner,steveli@yahoo.com
Terri,Hardee,ivoibs@icloud.com
Reid,Aho,sakusha@icloud.com
Halina,Bonenfant,chronos@att.net
Asha,Schnur,fangorn@mac.com
Glynda,Tiffany,guialbu@me.com
Ross,Twedt,jonathan@mac.com
Noma,Vanduzer,formis@verizon.net
Juanita,Holts,geeber@comcast.net
Shin,Russo,subir@sbcglobal.net
Debora,Engelbrec,rgarcia@yahoo.ca
Etta,Wycoff,martink@me.com
Priscila,Toto,staffelb@yahoo.ca
Ann,Bartolo,boein@msn.com
Lois,Tighe,miyop@comcast.net
Katheryn,Mcdonnell,pkplex@comcast.net
Jules,Falconer,ninenine@hotmail.com
Nicole,Turlington,janneh@gmail.com
Aileen,Bowling,murty@optonline.net
Bruno,Clover,lamky@att.net
Camilla,Veloz,gommix@msn.com
Anastasia,Stamps,ozawa@icloud.com
Beau,Hora,dhwon@att.net
In,Buttner,drolsky@outlook.com
Kassandra,Deere,north@outlook.com
Abraham,Tookes,smallpaul@msn.com
Alyson,Beckler,esbeck@yahoo.ca
Deirdre,Drucker,parksh@me.com
Major,Basquez,shawnce@gmail.com
Mora,Mynatt,retoh@yahoo.com
Venita,Bumgardner,steveli@yahoo.com
Terri,Hardee,ivoibs@icloud.com
Reid,Aho,sakusha@icloud.com
Halina,Bonenfant,chronos@att.net
Asha,Schnur,fangorn@mac.com
Glynda,Tiffany,guialbu@me.com
Ross,Twedt,jonathan@mac.com
Noma,Vanduzer,formis@verizon.net
Juanita,Holts,geeber@comcast.net
Shin,Russo,subir@sbcglobal.net
Debora,Engelbrec,rgarcia@yahoo.ca
Etta,Wycoff,martink@me.com
Priscila,Toto,staffelb@yahoo.ca
Ann,Bartolo,boein@msn.com
Lois,Tighe,miyop@comcast.net
Katheryn,Mcdonnell,pkplex@comcast.net
Jules,Falconer,ninenine@hotmail.com
Nicole,Turlington,janneh@gmail.com
Aileen,Bowling,murty@optonline.net
Bruno,Clover,lamky@att.net
Camilla,Veloz,gommix@msn.com
Anastasia,Stamps,ozawa@icloud.com
Beau,Hora,dhwon@att.net
In,Buttner,drolsky@outlook.com
Kassandra,Deere,north@outlook.com
Abraham,Tookes,smallpaul@msn.com
Alyson,Beckler,esbeck@yahoo.ca
Deirdre,Drucker,parksh@me.com
Major,Basquez,shawnce@gmail.com
Mora,Mynatt,retoh@yahoo.com
Venita,Bumgardner,steveli@yahoo.com
Terri,Hardee,ivoibs@icloud.com
Reid,Aho,sakusha@icloud.com
Halina,Bonenfant,chronos@att.net
Asha,Schnur,fangorn@mac.com
Glynda,Tiffany,guialbu@me.com
Ross,Twedt,jonathan@mac.com
Noma,Vanduzer,formis@verizon.net
Juanita,Holts,geeber@comcast.net
Shin,Russo,subir@sbcglobal.net
Debora,Engelbrec,rgarcia@yahoo.ca
Etta,Wycoff,martink@me.com
Priscila,Toto,staffelb@yahoo.ca
Ann,Bartolo,boein@msn.com
Lois,Tighe,miyop@comcast.net
Katheryn,Mcdonnell,pkplex@comcast.net
Jules,Falconer,ninenine@hotmail.com
Nicole,Turlington,janneh@gmail.com
Aileen,Bowling,murty@optonline.net
Bruno,Clover,lamky@att.net
Camilla,Veloz,gommix@msn.com
Anastasia,Stamps,ozawa@icloud.com
Beau,Hora,dhwon@att.net
In,Buttner,drolsky@outlook.com
Kassandra,Deere,north@outlook.com
Abraham,Tookes,smallpaul@msn.com
Alyson,Beckler,esbeck@yahoo.ca
Deirdre,Drucker,parksh@me.com
Major,Basquez,shawnce@gmail.com
Mora,Mynatt,retoh@yahoo.com
Venita,Bumgardner,steveli@yahoo.com
Terri,Hardee,ivoibs@icloud.com
Reid,Aho,sakusha@icloud.com
Halina,Bonenfant,chronos@att.net
Asha,Schnur,fangorn@mac.com
Glynda,Tiffany,guialbu@me.com
Ross,Twedt,jonathan@mac.com
Noma,Vanduzer,formis@verizon.net
Juanita,Holts,geeber@comcast.net
Shin,Russo,subir@sbcglobal.net
Debora,Engelbrec,rgarcia@yahoo.ca
Etta,Wycoff,martink@me.com
Priscila,Toto,staffelb@yahoo.ca
Ann,Bartolo,boein@msn.com
Lois,Tighe,miyop@comcast.net
Katheryn,Mcdonnell,pkplex@comcast.net
Jules,Falconer,ninenine@hotmail.com
Nicole,Turlington,janneh@gmail.com
Aileen,Bowling,murty@optonline.net
Bruno,Clover,lamky@att.net
Camilla,Veloz,gommix@msn.com
Anastasia,Stamps,ozawa@icloud.com
Beau,Hora,dhwon@att.net
In,Buttner,drolsky@outlook.com
Kassandra,Deere,north@outlook.com
Abraham,Tookes,smallpaul@msn.com
Alyson,Beckler,esbeck@yahoo.ca
Deirdre,Drucker,parksh@me.com
Major,Basquez,shawnce@gmail.com
Mora,Mynatt,retoh@yahoo.com
Venita,Bumgardner,steveli@yahoo.com
Terri,Hardee,ivoibs@icloud.com
Reid,Aho,sakusha@icloud.com
Halina,Bonenfant,chronos@att.net
Asha,Schnur,fangorn@mac.com
Glynda,Tiffany,guialbu@me.com
Ross,Twedt,jonathan@mac.com
Noma,Vanduzer,formis@verizon.net
Juanita,Holts,geeber@comcast.net
Shin,Russo,subir@sbcglobal.net
Debora,Engelbrec,rgarcia@yahoo.ca
Etta,Wycoff,martink@me.com
Priscila,Toto,staffelb@yahoo.ca
Ann,Bartolo,boein@msn.com
Lois,Tighe,miyop@comcast.net
Katheryn,Mcdonnell,pkplex@comcast.net
Jules,Falconer,ninenine@hotmail.com
Nicole,Turlington,janneh@gmail.com
Aileen,Bowling,murty@optonline.net
Bruno,Clover,lamky@att.net
Camilla,Veloz,gommix@msn.com
Anastasia,Stamps,ozawa@icloud.com
Beau,Hora,dhwon@att.net
In,Buttner,drolsky@outlook.com
Kassandra,Deere,north@outlook.com
Abraham,Tookes,smallpaul@msn.com
Alyson,Beckler,esbeck@yahoo.ca
Deirdre,Drucker,parksh@me.com
Major,Basquez,shawnce@gmail.com
Mora,Mynatt,retoh@yahoo.com
Venita,Bumgardner,steveli@yahoo.com
Terri,Hardee,ivoibs@icloud.com
Reid,Aho,sakusha@icloud.com
Halina,Bonenfant,chronos@att.net
Asha,Schnur,fangorn@mac.com
Glynda,Tiffany,guialbu@me.com
Ross,Twedt,jonathan@mac.com
Noma,Vanduzer,formis@verizon.net
Juanita,Holts,geeber@comcast.net
Shin,Russo,subir@sbcglobal.net
Debora,Engelbrec,rgarcia@yahoo.ca
Etta,Wycoff,martink@me.com
Priscila,Toto,staffelb@yahoo.ca
Ann,Bartolo,boein@msn.com
Lois,Tighe,miyop@comcast.net
Katheryn,Mcdonnell,pkplex@comcast.net
Jules,Falconer,ninenine@hotmail.com
Nicole,Turlington,janneh@gmail.com
Aileen,Bowling,murty@optonline.net
Bruno,Clover,lamky@att.net
Camilla,Veloz,gommix@msn.com
Anastasia,Stamps,ozawa@icloud.com
Beau,Hora,dhwon@att.net
In,Buttner,drolsky@outlook.com
Kassandra,Deere,north@outlook.com
Abraham,Tookes,smallpaul@msn.com
Alyson,Beckler,esbeck@yahoo.ca
Deirdre,Drucker,parksh@me.com
Major,Basquez,shawnce@gmail.com
Mora,Mynatt,retoh@yahoo.com
Venita,Bumgardner,steveli@yahoo.com
Terri,Hardee,ivoibs@icloud.com
Reid,Aho,sakusha@icloud.com
Halina,Bonenfant,chronos@att.net
Asha,Schnur,fangorn@mac.com
Glynda,Tiffany,guialbu@me.com
Ross,Twedt,jonathan@mac.com
Noma,Vanduzer,formis@verizon.net
Juanita,Holts,geeber@comcast.net
Shin,Russo,subir@sbcglobal.net
Debora,Engelbrec,rgarcia@yahoo.ca
Etta,Wycoff,martink@me.com
Priscila,Toto,staffelb@yahoo.ca
Ann,Bartolo,boein@msn.com
Lois,Tighe,miyop@comcast.net
Katheryn,Mcdonnell,pkplex@comcast.net
Jules,Falconer,ninenine@hotmail.com
Nicole,Turlington,janneh@gmail.com
Aileen,Bowling,murty@optonline.net
Bruno,Clover,lamky@att.net
Camilla,Veloz,gommix@msn.com
Anastasia,Stamps,ozawa@icloud.com
Beau,Hora,dhwon@att.net
In,Buttner,drolsky@outlook.com
Kassandra,Deere,north@outlook.com
Abraham,Tookes,smallpaul@msn.com
Alyson,Beckler,esbeck@yahoo.ca
Deirdre,Drucker,parksh@me.com
Major,Basquez,shawnce@gmail.com
Mora,Mynatt,retoh@yahoo.com
Venita,Bumgardner,steveli@yahoo.com
Terri,Hardee,ivoibs@icloud.com
Reid,Aho,sakusha@icloud.com
Halina,Bonenfant,chronos@att.net
Asha,Schnur,fangorn@mac.com
Glynda,Tiffany,guialbu@me.com
Ross,Twedt,jonathan@mac.com
Noma,Vanduzer,formis@verizon.net
Juanita,Holts,geeber@comcast.net
Shin,Russo,subir@sbcglobal.net
Debora,Engelbrec,rgarcia@yahoo.ca
Etta,Wycoff,martink@me.com
Priscila,Toto,staffelb@yahoo.ca
Ann,Bartolo,boein@msn.com
Lois,Tighe,miyop@comcast.net
Katheryn,Mcdonnell,pkplex@comcast.net
Jules,Falconer,ninenine@hotmail.com
Nicole,Turlington,janneh@gmail.com
Aileen,Bowling,murty@optonline.net
Bruno,Clover,lamky@att.net
Camilla,Veloz,gommix@msn.com
Anastasia,Stamps,ozawa@icloud.com
Beau,Hora,dhwon@att.net
In,Buttner,drolsky@outlook.com
Kassandra,Deere,north@outlook.com
Abraham,Tookes,smallpaul@msn.com
Alyson,Beckler,esbeck@yahoo.ca
Deirdre,Drucker,parksh@me.com
Major,Basquez,shawnce@gmail.com
Mora,Mynatt,retoh@yahoo.com
Venita,Bumgardner,steveli@yahoo.com
Terri,Hardee,ivoibs@icloud.com
Reid,Aho,sakusha@icloud.com
Halina,Bonenfant,chronos@att.net
Asha,Schnur,fangorn@mac.com
Glynda,Tiffany,guialbu@me.com
Ross,Twedt,jonathan@mac.com
Noma,Vanduzer,formis@verizon.net
Juanita,Holts,geeber@comcast.net
Shin,Russo,subir@sbcglobal.net
Debora,Engelbrec,rgarcia@yahoo.ca
Etta,Wycoff,martink@me.com
Priscila,Toto,staffelb@yahoo.ca
Ann,Bartolo,boein@msn.com
Lois,Tighe,miyop@comcast.net
Katheryn,Mcdonnell,pkplex@comcast.net
Jules,Falconer,ninenine@hotmail.com
Nicole,Turlington,janneh@gmail.com
Aileen,Bowling,murty@optonline.net
Bruno,Clover,lamky@att.net
Camilla,Veloz,gommix@msn.com
Anastasia,Stamps,ozawa@icloud.com
Beau,Hora,dhwon@att.net
In,Buttner,drolsky@outlook.com
Kassandra,Deere,north@outlook.com
Abraham,Tookes,smallpaul@msn.com
Alyson,Beckler,esbeck@yahoo.ca
Deirdre,Drucker,parksh@me.com
Major,Basquez,shawnce@gmail.com
Mora,Mynatt,retoh@yahoo.com
Venita,Bumgardner,steveli@yahoo.com
Terri,Hardee,ivoibs@icloud.com
Reid,Aho,sakusha@icloud.com
Halina,Bonenfant,chronos@att.net
Asha,Schnur,fangorn@mac.com
Glynda,Tiffany,guialbu@me.com
Ross,Twedt,jonathan@mac.com
Noma,Vanduzer,formis@verizon.net
Juanita,Holts,geeber@comcast.net
Shin,Russo,subir@sbcglobal.net
Debora,Engelbrec,rgarcia@yahoo.ca
Etta,Wycoff,martink@me.com
Priscila,Toto,staffelb@yahoo.ca
Ann,Bartolo,boein@msn.com
Lois,Tighe,miyop@comcast.net
Katheryn,Mcdonnell,pkplex@comcast.net
Jules,Falconer,ninenine@hotmail.com
Nicole,Turlington,janneh@gmail.com
Aileen,Bowling,murty@optonline.net
Bruno,Clover,lamky@att.net
Camilla,Veloz,gommix@msn.com
Anastasia,Stamps,ozawa@icloud.com
Beau,Hora,dhwon@att.net
In,Buttner,drolsky@outlook.com
Kassandra,Deere,north@outlook.com
Abraham,Tookes,smallpaul@msn.com
Alyson,Beckler,esbeck@yahoo.ca
Deirdre,Drucker,parksh@me.com
Major,Basquez,shawnce@gmail.com
Mora,Mynatt,retoh@yahoo.com
Venita,Bumgardner,steveli@yahoo.com
Terri,Hardee,ivoibs@icloud.com
Reid,Aho,sakusha@icloud.com
Halina,Bonenfant,chronos@att.net
Asha,Schnur,fangorn@mac.com
Glynda,Tiffany,guialbu@me.com
Ross,Twedt,jonathan@mac.com
Noma,Vanduzer,formis@verizon.net
Juanita,Holts,geeber@comcast.net
Shin,Russo,subir@sbcglobal.net
Debora,Engelbrec,rgarcia@yahoo.ca
Etta,Wycoff,martink@me.com
Priscila,Toto,staffelb@yahoo.ca
Ann,Bartolo,boein@msn.com
Lois,Tighe,miyop@comcast.net
Katheryn,Mcdonnell,pkplex@comcast.net
Jules,Falconer,ninenine@hotmail.com
Nicole,Turlington,janneh@gmail.com
Aileen,Bowling,murty@optonline.net
Bruno,Clover,lamky@att.net
Camilla,Veloz,gommix@msn.com
Anastasia,Stamps,ozawa@icloud.com